eplenmean,eprewmean,eval_eplenmean,eval_eprewmean,fps,loss/approxkl,loss/clipfrac,loss/policy_entropy,loss/policy_loss,loss/value_loss,misc/explained_variance,misc/nupdates,misc/serial_timesteps,misc/time_elapsed,misc/total_timesteps,test_eplenmean,test_eprewmean
84.08,-1.9500000476837158,87.99,-2.950000047683716,627.0,0.0007380333845503628,0.00010172525799134746,2.7073018550872803,-0.0007971090381033719,0.5073701739311218,-0.1009378433227539,1.0,256.0,26.12692520799999,16384.0,80.62,-2.1700000762939453
86.46,-2.2699999809265137,78.6,-2.7300000190734863,978.0,0.00047557082143612206,0.0,2.70630145072937,-0.00012087257346138358,0.24491368234157562,-0.06112015247344971,2.0,512.0,44.7732697859999,32768.0,82.16,-1.8700000047683716
90.21,-2.5799999237060547,86.69,-2.450000047683716,992.0,0.0003251930174883455,0.0,2.7068755626678467,-0.00031960743945091963,0.22229139506816864,-0.026665806770324707,3.0,768.0,62.00292092299992,49152.0,83.39,-1.8799999952316284
87.25,-2.319999933242798,84.91,-2.4600000381469727,991.0,0.00020888463768642396,0.0,2.707181930541992,-0.000396612798795104,0.19301724433898926,0.0033271312713623047,4.0,1024.0,79.087086935,65536.0,80.58,-2.359999895095825
87.15,-2.0399999618530273,82.57,-2.430000066757202,971.0,0.00033447996247559786,0.0,2.7065365314483643,-0.00022357168199960142,0.19558043777942657,0.01718306541442871,5.0,1280.0,96.52329894299999,81920.0,80.47,-1.3799999952316284
89.43,-2.0199999809265137,90.68,-2.1700000762939453,978.0,0.00043037874274887145,0.0,2.7049760818481445,-0.00039543063030578196,0.18260855972766876,0.02157837152481079,6.0,1536.0,113.8256527829999,98304.0,83.01,-2.2300000190734863
91.61,-2.700000047683716,84.5,-2.1600000858306885,973.0,0.0004676530370488763,0.0,2.7041585445404053,-0.00040618577622808516,0.18676163256168365,0.03861129283905029,7.0,1792.0,131.209565904,114688.0,78.76,-1.840000033378601
83.63,-2.2899999618530273,82.45,-2.2799999713897705,964.0,0.0008893267367966473,0.00018310546875,2.7016403675079346,-0.0006536350701935589,0.18756555020809174,0.05992358922958374,8.0,2048.0,148.71510202499996,131072.0,82.47,-2.390000104904175
86.46,-2.3399999141693115,87.94,-3.25,958.0,0.0008527960162609816,0.0005900065298192203,2.69655442237854,-0.000767567427828908,0.16892112791538239,0.09776979684829712,9.0,2304.0,166.427223337,147456.0,83.42,-2.440000057220459
87.5,-2.430000066757202,84.91,-2.990000009536743,950.0,0.0021366155706346035,0.009236653335392475,2.694385528564453,-0.001598009024746716,0.1670423299074173,0.15670353174209595,10.0,2560.0,184.208120045,163840.0,83.98,-1.9600000381469727
88.41,-2.640000104904175,82.39,-2.0199999809265137,947.0,0.003507105400785804,0.02522786520421505,2.684911012649536,-0.003787462366744876,0.18545792996883392,0.17865294218063354,11.0,2816.0,202.03698018499995,180224.0,86.26,-2.4200000762939453
88.25,-1.8799999952316284,82.49,-1.5800000429153442,956.0,0.003027111291885376,0.012613932602107525,2.672525644302368,-0.0035769243258982897,0.15630263090133667,0.23151975870132446,12.0,3072.0,219.78112497199993,196608.0,74.99,-1.809999942779541
86.83,-2.0399999618530273,86.03,-2.240000009536743,950.0,0.0033508765045553446,0.02626546286046505,2.6631879806518555,-0.004048231057822704,0.14986354112625122,0.2441110610961914,13.0,3328.0,237.5793972419999,212992.0,79.44,-2.369999885559082
89.63,-2.069999933242798,84.88,-2.3399999141693115,924.0,0.004038399551063776,0.0321248359978199,2.672872304916382,-0.0045874821953475475,0.14866036176681519,0.2949598431587219,14.0,3584.0,255.79674569099996,229376.0,83.49,-1.840000033378601
92.24,-1.7200000286102295,85.19,-1.7300000190734863,944.0,0.004512403160333633,0.0400594063103199,2.663219451904297,-0.005965342745184898,0.15424181520938873,0.28589868545532227,15.0,3840.0,273.5803447039999,245760.0,79.33,-1.9299999475479126
93.55,-1.899999976158142,83.71,-1.4500000476837158,956.0,0.004248654004186392,0.04083251953125,2.6649270057678223,-0.006555009167641401,0.14426256716251373,0.3624149560928345,16.0,4096.0,291.28340934799996,262144.0,82.72,-1.4900000095367432
92.14,-1.7400000095367432,89.95,-2.3399999141693115,931.0,0.004537851084023714,0.0447184257209301,2.658351421356201,-0.007190509233623743,0.1406581997871399,0.3419533371925354,17.0,4352.0,309.4392463449999,278528.0,86.58,-1.4299999475479126
88.36,-1.5800000429153442,86.88,-1.7999999523162842,941.0,0.005408465396612883,0.0624186210334301,2.6525943279266357,-0.008580022491514683,0.12656526267528534,0.3207767605781555,18.0,4608.0,327.50826398799995,294912.0,81.36,-1.3200000524520874
89.66,-1.4500000476837158,84.43,-1.809999942779541,943.0,0.004871050361543894,0.0506591796875,2.6464107036590576,-0.008305125869810581,0.12189697474241257,0.3460720181465149,19.0,4864.0,345.27654346099996,311296.0,78.45,-1.4199999570846558
90.32,-0.8500000238418579,75.59,-0.9300000071525574,955.0,0.00626455107703805,0.07769775390625,2.6210315227508545,-0.011038292199373245,0.11729607731103897,0.37197136878967285,20.0,5120.0,363.18682185,327680.0,81.57,-1.399999976158142
83.22,-0.6200000047683716,90.27,-1.4900000095367432,946.0,0.006253818050026894,0.0761515274643898,2.614428997039795,-0.01329048816114664,0.11381707340478897,0.4143136739730835,21.0,5376.0,381.1211775539999,344064.0,79.48,-1.059999942779541
84.05,-0.6499999761581421,83.63,-1.090000033378601,950.0,0.007895038463175297,0.1053263321518898,2.5891377925872803,-0.010569844394922256,0.11631035059690475,0.44970041513442993,22.0,5632.0,398.9603991299999,360448.0,79.8,-1.4700000286102295
84.7,-0.4000000059604645,86.68,-0.8100000023841858,942.0,0.008074035868048668,0.1111653670668602,2.5602705478668213,-0.011918655596673489,0.1065945252776146,0.48111093044281006,23.0,5888.0,416.872520379,376832.0,84.53,-0.8799999952316284
85.21,-0.38999998569488525,81.12,-1.3700000047683716,945.0,0.008554804138839245,0.1168416365981102,2.55185604095459,-0.011896096169948578,0.0927707776427269,0.3784911632537842,24.0,6144.0,434.7571068269999,393216.0,82.56,-1.1299999952316284
84.42,-0.49000000953674316,81.59,-1.3300000429153442,945.0,0.00845812726765871,0.1095377579331398,2.5294747352600098,-0.01524150837212801,0.10175109654664993,0.4272868037223816,25.0,6400.0,452.5122690819999,409600.0,93.63,-1.409999966621399
82.71,0.05999999865889549,82.33,-0.8199999928474426,939.0,0.009023630060255527,0.1211954727768898,2.507965326309204,-0.013561164028942585,0.07866746932268143,0.4698271155357361,26.0,6656.0,470.570768112,425984.0,84.31,-1.0199999809265137
80.94,-0.14000000059604645,81.78,-0.9399999976158142,935.0,0.010035882703959942,0.1382242888212204,2.48742413520813,-0.015558913350105286,0.10570770502090454,0.4561099410057068,27.0,6912.0,488.485088397,442368.0,80.26,-0.800000011920929
82.08,-0.05999999865889549,80.24,-0.6800000071525574,943.0,0.011259641498327255,0.1605021208524704,2.468160629272461,-0.015246639959514141,0.09522697329521179,0.4656607508659363,28.0,7168.0,506.41302501999985,458752.0,82.44,-0.6200000047683716
81.02,0.07000000029802322,82.52,-0.6100000143051147,953.0,0.008961476385593414,0.1204020157456398,2.4808037281036377,-0.01650215871632099,0.09402967244386673,0.5019830167293549,29.0,7424.0,524.161874525,475136.0,84.5,-0.7900000214576721
81.62,-0.20000000298023224,86.0,-0.7699999809265137,949.0,0.009432843886315823,0.12921142578125,2.477753162384033,-0.014216314069926739,0.10148569196462631,0.4767637252807617,30.0,7680.0,541.872454733,491520.0,78.49,-0.019999999552965164
80.84,0.3100000023841858,79.53,-0.4099999964237213,948.0,0.010981902480125427,0.1495361328125,2.47031569480896,-0.01530232559889555,0.08204903453588486,0.4477335214614868,31.0,7936.0,559.63556365,507904.0,84.96,-1.0800000429153442
81.84,-0.10999999940395355,78.77,-1.0199999809265137,952.0,0.011533975601196289,0.1568603515625,2.48405385017395,-0.016094448044896126,0.09139794856309891,0.4288051128387451,32.0,8192.0,577.7621730230001,524288.0,86.61,-0.5199999809265137
82.18,0.27000001072883606,76.28,-0.8299999833106995,946.0,0.010542243719100952,0.1364542692899704,2.4803669452667236,-0.017145510762929916,0.07637818157672882,0.4458010196685791,33.0,8448.0,595.629146361,540672.0,83.56,-0.8899999856948853
87.84,-0.15000000596046448,78.51,-0.27000001072883606,961.0,0.010292586870491505,0.13677978515625,2.4971883296966553,-0.015052574686706066,0.08255484700202942,0.45087337493896484,34.0,8704.0,613.115521764,557056.0,80.61,-0.6000000238418579
84.78,0.4000000059604645,82.08,-0.6399999856948853,957.0,0.01112638134509325,0.153564453125,2.46347975730896,-0.01656228117644787,0.07864587754011154,0.4525608420372009,35.0,8960.0,630.8873805189999,573440.0,82.15,-0.3100000023841858
82.73,-0.3400000035762787,78.19,-0.28999999165534973,951.0,0.011294436641037464,0.15130615234375,2.4876160621643066,-0.017339486628770828,0.08927097171545029,0.42070209980010986,36.0,9216.0,648.737059002,589824.0,82.74,-0.7799999713897705
81.78,0.3199999928474426,79.98,-0.2800000011920929,954.0,0.009543000720441341,0.12646484375,2.51214861869812,-0.01702321134507656,0.0833112969994545,0.46088576316833496,37.0,9472.0,666.447950153,606208.0,77.32,-0.6499999761581421
83.14,0.10000000149011612,76.13,-0.38999998569488525,954.0,0.01091049611568451,0.1387939453125,2.5104904174804688,-0.01933344453573227,0.08105795085430145,0.4275473952293396,38.0,9728.0,683.974273006,622592.0,80.45,-0.6200000047683716
80.67,0.5899999737739563,77.93,-0.4399999976158142,954.0,0.010240252129733562,0.1313679963350296,2.4938433170318604,-0.01841362752020359,0.08267051726579666,0.4648721218109131,39.0,9984.0,701.691079018,638976.0,75.4,-0.699999988079071
82.13,0.7799999713897705,84.11,-0.7799999713897705,953.0,0.010383347980678082,0.14044189453125,2.4955060482025146,-0.020643459632992744,0.07618037611246109,0.423244833946228,40.0,10240.0,719.4965613679999,655360.0,84.9,-0.3199999928474426
82.84,0.6000000238418579,78.61,-0.47999998927116394,951.0,0.010528472252190113,0.1400960236787796,2.4877517223358154,-0.021802127361297607,0.07197191566228867,0.457449734210968,41.0,10496.0,737.157060365,671744.0,84.41,-0.4699999988079071
80.56,0.800000011920929,78.19,-0.6000000238418579,961.0,0.011716286651790142,0.1571858674287796,2.4839322566986084,-0.019374217838048935,0.06339925527572632,0.47864145040512085,42.0,10752.0,754.715586349,688128.0,80.41,-0.4000000059604645
79.66,0.8199999928474426,80.94,-0.25,959.0,0.013939447700977325,0.182861328125,2.4550042152404785,-0.01941474713385105,0.07565703243017197,0.45238006114959717,43.0,11008.0,772.185392659,704512.0,79.9,-0.4300000071525574
84.43,0.8600000143051147,80.04,-0.07000000029802322,961.0,0.013755399733781815,0.1820271760225296,2.460141658782959,-0.01530216634273529,0.08823353052139282,0.48098617792129517,44.0,11264.0,789.7915886549999,720896.0,79.87,0.0
82.9,0.8199999928474426,87.5,-0.14000000059604645,958.0,0.011837472207844257,0.15625,2.4193501472473145,-0.021435193717479706,0.07421225309371948,0.5453270971775055,45.0,11520.0,807.518459501,737280.0,82.51,-0.23000000417232513
83.82,1.0499999523162842,80.63,-0.30000001192092896,955.0,0.013278189115226269,0.1798299103975296,2.4431092739105225,-0.02077547274529934,0.07207731157541275,0.4605672359466553,46.0,11776.0,825.1744042739999,753664.0,77.28,-0.009999999776482582
86.18,1.2300000190734863,78.65,-0.20999999344348907,959.0,0.014772292226552963,0.1930338591337204,2.417943239212036,-0.017893003299832344,0.07591000199317932,0.47468245029449463,47.0,12032.0,842.755621819,770048.0,81.24,-0.6700000166893005
80.47,0.9900000095367432,71.9,-0.17000000178813934,953.0,0.014905814081430435,0.18505859375,2.400728464126587,-0.015773508697748184,0.07526881247758865,0.4576616883277893,48.0,12288.0,860.2679464999999,786432.0,87.15,0.2199999988079071
80.83,1.0499999523162842,80.94,-0.4000000059604645,959.0,0.013235864229500294,0.1727294921875,2.3979227542877197,-0.023757996037602425,0.06947056204080582,0.38980191946029663,49.0,12544.0,877.970290772,802816.0,82.28,0.44999998807907104
85.37,1.440000057220459,85.4,-0.029999999329447746,953.0,0.013167097233235836,0.1665242463350296,2.406468152999878,-0.02087249793112278,0.06574853509664536,0.44491785764694214,50.0,12800.0,895.8257744329999,819200.0,80.09,-0.1599999964237213
86.81,1.4500000476837158,81.21,-0.23000000417232513,956.0,0.01275013480335474,0.1679890900850296,2.3769867420196533,-0.02127060852944851,0.06050565466284752,0.48529374599456787,51.0,13056.0,913.5359696099999,835584.0,80.92,-0.03999999910593033
80.58,1.1399999856948853,80.19,-0.5299999713897705,967.0,0.015264143235981464,0.1936848908662796,2.3393895626068115,-0.020360885187983513,0.07403134554624557,0.4910661578178406,52.0,13312.0,930.978788333,851968.0,79.28,0.28999999165534973
82.12,1.159999966621399,80.83,-0.12999999523162842,953.0,0.013378825969994068,0.1663411408662796,2.3851230144500732,-0.02077181451022625,0.07279672473669052,0.46209871768951416,53.0,13568.0,948.745468605,868352.0,76.45,-0.44999998807907104
84.09,1.0199999809265137,80.26,-0.05000000074505806,946.0,0.013490981422364712,0.17205810546875,2.360217571258545,-0.02190825156867504,0.07178781926631927,0.48993927240371704,54.0,13824.0,966.6196786579999,884736.0,78.59,-0.38999998569488525
87.21,1.559999942779541,75.42,-0.03999999910593033,956.0,0.014770347625017166,0.1814778596162796,2.3793575763702393,-0.02205383963882923,0.06691334396600723,0.47890567779541016,55.0,14080.0,984.471187462,901120.0,84.73,0.10000000149011612
86.52,1.3700000047683716,80.31,0.029999999329447746,954.0,0.01475997269153595,0.1860148161649704,2.3667116165161133,-0.02123791165649891,0.07682685554027557,0.4559313654899597,56.0,14336.0,1002.190142981,917504.0,78.22,-0.3100000023841858
81.5,1.4199999570846558,83.12,0.10999999940395355,962.0,0.015036669559776783,0.19000244140625,2.345261573791504,-0.021582966670393944,0.07126610726118088,0.5127829909324646,57.0,14592.0,1019.776414656,933888.0,79.26,-0.10999999940395355
87.78,1.8600000143051147,82.45,0.33000001311302185,954.0,0.013504081405699253,0.1760457307100296,2.3714945316314697,-0.024505728855729103,0.053896237164735794,0.516895055770874,58.0,14848.0,1037.4374108289999,950272.0,82.09,0.09000000357627869
85.66,1.2300000190734863,78.83,0.1899999976158142,960.0,0.015648631379008293,0.2040201872587204,2.3453915119171143,-0.025107139721512794,0.080519899725914,0.47439640760421753,59.0,15104.0,1055.0665053379998,966656.0,84.76,-0.44999998807907104
83.25,1.440000057220459,83.54,0.33000001311302185,958.0,0.015131820924580097,0.1968790739774704,2.331005573272705,-0.022640325129032135,0.08062885701656342,0.4523470997810364,60.0,15360.0,1072.6568371409999,983040.0,81.05,0.0
83.25,1.2999999523162842,76.83,-0.18000000715255737,959.0,0.014701350592076778,0.1857096403837204,2.3438308238983154,-0.023704126477241516,0.0726480558514595,0.47793495655059814,61.0,15616.0,1090.273333466,999424.0,82.88,-0.14000000059604645
85.53,1.7400000095367432,85.05,0.3199999928474426,961.0,0.015490942634642124,0.1984659880399704,2.318302869796753,-0.024031976237893105,0.06890490651130676,0.5294121503829956,62.0,15872.0,1107.856997821,1015808.0,91.16,0.10000000149011612
90.13,1.340000033378601,89.56,0.1899999976158142,959.0,0.015666792169213295,0.1993204802274704,2.3143837451934814,-0.021989883854985237,0.08144298195838928,0.518744945526123,63.0,16128.0,1125.4491302699998,1032192.0,82.09,-0.20999999344348907
87.06,1.7999999523162842,88.0,0.12999999523162842,956.0,0.015070253051817417,0.196533203125,2.2997329235076904,-0.025011511519551277,0.05717186629772186,0.5973608195781708,64.0,16384.0,1143.101092916,1048576.0,84.18,-0.3199999928474426
87.26,1.4299999475479126,81.8,0.3700000047683716,941.0,0.016813473775982857,0.20721435546875,2.2796459197998047,-0.024408087134361267,0.07921133190393448,0.524813324213028,65.0,16640.0,1161.0023082779999,1064960.0,82.13,0.5400000214576721
90.31,1.5,83.9,0.3799999952316284,962.0,0.014730597846210003,0.1982218474149704,2.3031322956085205,-0.02499336749315262,0.07487215846776962,0.5340280830860138,66.0,16896.0,1178.500683751,1081344.0,84.89,0.07000000029802322
88.02,1.4500000476837158,86.12,0.5899999737739563,959.0,0.016328057274222374,0.20538330078125,2.259927988052368,-0.02100200019776821,0.0725487545132637,0.5628893673419952,67.0,17152.0,1196.117809768,1097728.0,80.0,0.03999999910593033
93.47,1.5299999713897705,80.89,0.009999999776482582,958.0,0.01754683442413807,0.2126668244600296,2.2556443214416504,-0.021609840914607048,0.07152285426855087,0.4996923804283142,68.0,17408.0,1213.927225814,1114112.0,92.77,0.75
88.33,1.5399999618530273,78.87,0.3400000035762787,958.0,0.01610635221004486,0.206787109375,2.2585277557373047,-0.025416120886802673,0.07225623726844788,0.5128475725650787,69.0,17664.0,1231.684683259,1130496.0,79.36,0.10999999940395355
93.6,1.600000023841858,86.9,0.3499999940395355,957.0,0.017371010035276413,0.21441650390625,2.2480084896087646,-0.022829586640000343,0.08703705668449402,0.505405843257904,70.0,17920.0,1249.53605159,1146880.0,84.47,0.6499999761581421
82.79,1.4199999570846558,83.53,0.38999998569488525,960.0,0.01659652404487133,0.2023112028837204,2.2523903846740723,-0.025144124403595924,0.08393573760986328,0.5338699817657471,71.0,18176.0,1267.159481857,1163264.0,86.79,0.20999999344348907
89.57,1.4700000286102295,83.8,0.699999988079071,962.0,0.01675626076757908,0.2112630158662796,2.2726991176605225,-0.023838186636567116,0.09226423501968384,0.5196371972560883,72.0,18432.0,1284.685188001,1179648.0,85.48,0.029999999329447746
85.38,1.8600000143051147,81.77,0.12999999523162842,954.0,0.0162955392152071,0.20635986328125,2.255376100540161,-0.026646986603736877,0.06019902229309082,0.5997506380081177,73.0,18688.0,1302.293042522,1196032.0,89.89,0.5600000023841858
97.57,1.909999966621399,86.41,0.550000011920929,967.0,0.015593845397233963,0.2075602263212204,2.2380740642547607,-0.024996444582939148,0.06644073128700256,0.6138869524002075,74.0,18944.0,1319.773622769,1212416.0,79.84,0.3100000023841858
86.06,1.8600000143051147,86.97,-0.029999999329447746,961.0,0.01715969480574131,0.2171223908662796,2.2094852924346924,-0.0281054750084877,0.06603913009166718,0.5831574499607086,75.0,19200.0,1337.253480726,1228800.0,92.36,0.699999988079071
94.98,1.909999966621399,94.33,0.5,960.0,0.016019919887185097,0.2095133513212204,2.2050764560699463,-0.02484402060508728,0.08332493901252747,0.5206824243068695,76.0,19456.0,1354.858542018,1245184.0,81.76,-0.20000000298023224
100.05,2.140000104904175,88.97,1.0,964.0,0.017104431986808777,0.2186279296875,2.175405740737915,-0.027456896379590034,0.0903841182589531,0.5490560531616211,77.0,19712.0,1372.247658955,1261568.0,94.96,0.46000000834465027
96.52,2.2699999809265137,90.69,0.5099999904632568,961.0,0.017716987058520317,0.2178751677274704,2.1830880641937256,-0.02674269489943981,0.07162798196077347,0.5966809689998627,78.0,19968.0,1389.988598752,1277952.0,83.7,0.47999998927116394
87.9,1.7400000095367432,87.46,0.5299999713897705,960.0,0.02104843221604824,0.2414957731962204,2.1837432384490967,-0.026592455804347992,0.08478526026010513,0.5299911201000214,79.0,20224.0,1407.6988837869999,1294336.0,89.26,0.25
97.66,1.75,82.3,0.4699999988079071,965.0,0.018811076879501343,0.2281697541475296,2.196873664855957,-0.02391662634909153,0.07706842571496964,0.528468519449234,80.0,20480.0,1425.2429457419998,1310720.0,88.5,0.6399999856948853
97.33,1.7999999523162842,88.56,0.3199999928474426,959.0,0.018785152584314346,0.2130533903837204,2.148355484008789,-0.025947725400328636,0.09896234422922134,0.5705561935901642,81.0,20736.0,1443.0244787329998,1327104.0,97.45,0.3799999952316284
97.99,1.7999999523162842,85.71,0.5899999737739563,963.0,0.02062072791159153,0.2486979216337204,2.0892207622528076,-0.029430873692035675,0.09164411574602127,0.6026375591754913,82.0,20992.0,1460.5918695709997,1343488.0,93.1,1.1699999570846558
96.45,1.5099999904632568,88.35,0.44999998807907104,960.0,0.019938157871365547,0.2296956330537796,2.062964677810669,-0.025457561016082764,0.10954462736845016,0.5199669599533081,83.0,21248.0,1478.3096193699998,1359872.0,98.53,0.5
96.73,1.9700000286102295,86.14,0.46000000834465027,962.0,0.018648596480488777,0.2233683317899704,2.094395875930786,-0.026967043057084084,0.08846384286880493,0.5767123699188232,84.0,21504.0,1495.735281114,1376256.0,92.35,0.550000011920929
93.53,1.809999942779541,92.61,0.699999988079071,957.0,0.020475827157497406,0.2431640625,2.0917091369628906,-0.02957993745803833,0.08871088176965714,0.5676403343677521,85.0,21760.0,1513.96209722,1392640.0,97.23,0.8199999928474426
98.32,2.2899999618530273,93.93,0.27000001072883606,964.0,0.019925743341445923,0.2341105192899704,2.0456783771514893,-0.028208861127495766,0.08183867484331131,0.6212362051010132,86.0,22016.0,1531.6207508869998,1409024.0,90.39,0.949999988079071
99.13,2.1500000953674316,94.66,0.9399999976158142,963.0,0.019107790663838387,0.2273966521024704,2.0795400142669678,-0.02811276726424694,0.07943261414766312,0.6253842115402222,87.0,22272.0,1549.1936609939999,1425408.0,96.2,0.6600000262260437
101.16,2.319999933242798,90.57,0.75,959.0,0.019991064444184303,0.2367146760225296,2.0702664852142334,-0.0298220943659544,0.08521825820207596,0.6082878112792969,88.0,22528.0,1566.7934411370002,1441792.0,109.34,0.7099999785423279
102.02,2.4200000762939453,97.82,0.9900000095367432,961.0,0.021257327869534492,0.24163818359375,2.0454416275024414,-0.027510233223438263,0.08665572851896286,0.6462168991565704,89.0,22784.0,1584.4161346319997,1458176.0,103.96,0.3199999928474426
109.51,2.25,88.51,1.0199999809265137,956.0,0.022151755169034004,0.2514241635799408,2.0036232471466064,-0.027779044583439827,0.09540732949972153,0.6188273727893829,90.0,23040.0,1602.516596631,1474560.0,103.55,0.9399999976158142
104.65,2.3499999046325684,91.09,0.6600000262260437,968.0,0.02194448746740818,0.2524210512638092,2.0383708477020264,-0.026068881154060364,0.09977046400308609,0.6085456311702728,91.0,23296.0,1619.988340676,1490944.0,102.1,1.0800000429153442
108.26,2.069999933242798,106.03,0.6899999976158142,966.0,0.020468154922127724,0.23291015625,2.0555622577667236,-0.03033587522804737,0.0914180800318718,0.5733077526092529,92.0,23552.0,1637.8370157969998,1507328.0,101.8,0.7099999785423279
109.69,2.299999952316284,100.43,1.3799999952316284,969.0,0.021283531561493874,0.2567342221736908,2.011998414993286,-0.03132696822285652,0.09528309106826782,0.6073899269104004,93.0,23808.0,1655.2587818309999,1523712.0,105.07,0.4699999988079071
111.42,1.590000033378601,91.11,0.75,964.0,0.02298489771783352,0.2574259340763092,2.006291389465332,-0.027466945350170135,0.1181861087679863,0.5876894593238831,94.0,24064.0,1672.805568618,1540096.0,90.21,0.7200000286102295
110.66,2.130000114440918,111.33,1.2899999618530273,961.0,0.02216084860265255,0.24114990234375,1.9540157318115234,-0.030462317168712616,0.12601454555988312,0.561273843050003,95.0,24320.0,1690.4351210519999,1556480.0,98.75,1.1699999570846558
117.29,2.2300000190734863,111.94,0.9700000286102295,959.0,0.022173838689923286,0.25213623046875,1.958495020866394,-0.03018185682594776,0.09144318103790283,0.6420604884624481,96.0,24576.0,1708.016334803,1572864.0,98.51,0.8500000238418579
111.31,2.2799999713897705,105.67,1.350000023841858,974.0,0.02103729546070099,0.2355143278837204,1.9517321586608887,-0.030083872377872467,0.0999796986579895,0.6277526319026947,97.0,24832.0,1725.3429549920002,1589248.0,100.83,1.0199999809265137
108.38,2.25,93.25,1.149999976158142,965.0,0.022940270602703094,0.2580159604549408,1.9406166076660156,-0.02641821652650833,0.12310277670621872,0.5422833561897278,98.0,25088.0,1743.2353926249998,1605632.0,99.1,1.3600000143051147
110.62,2.450000047683716,96.47,1.059999942779541,963.0,0.022691508755087852,0.2569986879825592,1.9269405603408813,-0.029557012021541595,0.10720344632863998,0.625413715839386,99.0,25344.0,1760.7054801179997,1622016.0,102.58,1.2100000381469727
100.0,2.3299999237060547,95.05,1.1799999475479126,967.0,0.021530775353312492,0.2503458559513092,1.9533277750015259,-0.0312381312251091,0.08605966717004776,0.6776494085788727,100.0,25600.0,1778.1464279349998,1638400.0,98.01,0.8100000023841858
107.48,2.190000057220459,99.04,0.8899999856948853,963.0,0.024621019139885902,0.2637735903263092,1.9073443412780762,-0.02790086530148983,0.11585012078285217,0.6122964918613434,101.0,25856.0,1795.5907624309998,1654784.0,101.93,1.0499999523162842
106.71,2.7100000381469727,101.16,0.9900000095367432,963.0,0.019360950216650963,0.2257080078125,1.918005108833313,-0.030083246529102325,0.08402815461158752,0.682180792093277,102.0,26112.0,1813.149680472,1671168.0,103.33,1.4600000381469727
114.5,2.299999952316284,107.84,1.0800000429153442,962.0,0.026089072227478027,0.27703857421875,1.9402679204940796,-0.02916283905506134,0.10560005158185959,0.6119478046894073,103.0,26368.0,1830.707597616,1687552.0,112.31,1.149999976158142
109.84,2.559999942779541,102.48,0.7099999785423279,969.0,0.023939192295074463,0.259521484375,1.9484628438949585,-0.03243454918265343,0.0769294872879982,0.646229475736618,104.0,26624.0,1848.1704897230002,1703936.0,112.94,1.850000023841858
111.24,2.1600000858306885,98.72,0.6800000071525574,959.0,0.023809663951396942,0.2600301206111908,1.9195466041564941,-0.03049231506884098,0.10285843163728714,0.6110221445560455,105.0,26880.0,1865.7681430869998,1720320.0,93.76,1.2999999523162842
117.29,2.2300000190734863,106.89,1.1200000047683716,971.0,0.0227025356143713,0.2664998471736908,1.9380978345870972,-0.025622086599469185,0.10988179594278336,0.6193518936634064,106.0,27136.0,1883.3052423139998,1736704.0,109.11,1.2699999809265137
111.61,2.6700000762939453,103.29,1.25,965.0,0.023486323654651642,0.2510579526424408,1.8891900777816772,-0.03208983689546585,0.09258976578712463,0.6638631224632263,107.0,27392.0,1900.770541374,1753088.0,97.55,0.8700000047683716
109.99,2.430000066757202,99.15,1.059999942779541,967.0,0.02416100539267063,0.26275634765625,1.8776112794876099,-0.02649572491645813,0.09200748056173325,0.645317405462265,108.0,27648.0,1918.206080676,1769472.0,95.99,0.8299999833106995
112.62,2.8399999141693115,96.49,0.8999999761581421,973.0,0.023429377004504204,0.2593994140625,1.8549383878707886,-0.032409053295850754,0.09447995573282242,0.6500352025032043,109.0,27904.0,1935.4858997769998,1785856.0,108.02,0.8899999856948853
126.67,3.0899999141693115,102.48,1.100000023841858,965.0,0.024167755618691444,0.2625528872013092,1.834908127784729,-0.02752532809972763,0.08797559142112732,0.6822443902492523,110.0,28160.0,1953.0768643789997,1802240.0,97.75,1.0399999618530273
120.73,2.8299999237060547,112.66,1.2799999713897705,963.0,0.02640385366976261,0.2821248471736908,1.8258312940597534,-0.02561807632446289,0.08909004926681519,0.6951870322227478,111.0,28416.0,1970.6087393449998,1818624.0,112.07,1.0800000429153442
112.47,2.8299999237060547,114.3,1.059999942779541,969.0,0.02483469992876053,0.2600301206111908,1.7871571779251099,-0.029538435861468315,0.09229519963264465,0.6881862282752991,112.0,28672.0,1987.866957533,1835008.0,105.71,0.6299999952316284
122.61,2.740000009536743,104.03,1.1100000143051147,970.0,0.023366153240203857,0.25518798828125,1.8667182922363281,-0.029919207096099854,0.12728382647037506,0.6112390756607056,113.0,28928.0,2005.332884041,1851392.0,112.54,1.2000000476837158
99.88,2.569999933242798,112.4,1.4700000286102295,972.0,0.026978425681591034,0.2788899838924408,1.8592504262924194,-0.02815566398203373,0.08864984661340714,0.6649886667728424,114.0,29184.0,2022.6349918,1867776.0,110.62,1.559999942779541
122.33,2.859999895095825,122.16,1.1399999856948853,968.0,0.026852160692214966,0.2757364809513092,1.8338252305984497,-0.033097974956035614,0.09939033538103104,0.649002879858017,115.0,29440.0,2040.025957845,1884160.0,114.68,1.100000023841858
119.94,2.4100000858306885,103.77,1.090000033378601,941.0,0.02712884545326233,0.2671305239200592,1.863021731376648,-0.0321805477142334,0.1063840314745903,0.6368700563907623,116.0,29696.0,2057.98999049,1900544.0,105.42,1.1299999952316284
119.75,2.9700000286102295,92.35,1.1799999475479126,966.0,0.02445037104189396,0.2619222104549408,1.8466626405715942,-0.033286914229393005,0.09378381818532944,0.6968274116516113,117.0,29952.0,2075.314209001,1916928.0,102.12,1.2200000286102295
123.26,2.619999885559082,110.29,1.2300000190734863,967.0,0.02317892573773861,0.2544759213924408,1.8732733726501465,-0.032520320266485214,0.0982229933142662,0.6945240497589111,118.0,30208.0,2092.865243358,1933312.0,103.88,1.4199999570846558
123.55,2.369999885559082,105.71,1.1399999856948853,963.0,0.02549857459962368,0.2647705078125,1.8949165344238281,-0.03132769092917442,0.10957157611846924,0.6735658347606659,119.0,30464.0,2110.287146091,1949696.0,121.54,1.7300000190734863
136.47,3.059999942779541,111.52,1.0199999809265137,970.0,0.024389060214161873,0.2578328549861908,1.8642147779464722,-0.026868654415011406,0.14262335002422333,0.5947702527046204,120.0,30720.0,2127.557128523,1966080.0,121.52,1.6799999475479126
117.28,2.4800000190734863,111.7,1.2599999904632568,971.0,0.02740616165101528,0.2788492739200592,1.825527310371399,-0.028319740667939186,0.163124218583107,0.6072070598602295,121.0,30976.0,2145.007928136,1982464.0,126.19,1.409999966621399
124.81,2.630000114440918,104.66,0.6499999761581421,967.0,0.026087693870067596,0.2590738832950592,1.8828139305114746,-0.031595755368471146,0.11324492841959,0.6368129849433899,122.0,31232.0,2162.5065153,1998848.0,131.47,1.75
128.07,2.4600000381469727,112.01,1.4900000095367432,961.0,0.026147568598389626,0.2719319760799408,1.8483352661132812,-0.03202222287654877,0.11514312028884888,0.6472346782684326,123.0,31488.0,2180.1800117029998,2015232.0,122.61,1.6799999475479126
127.1,2.7100000381469727,120.43,1.8300000429153442,976.0,0.026514992117881775,0.2668863832950592,1.8125258684158325,-0.03307951241731644,0.0978538766503334,0.7010475695133209,124.0,31744.0,2197.480089129,2031616.0,126.71,1.5
132.17,3.190000057220459,114.8,1.0800000429153442,963.0,0.02484489232301712,0.2652994692325592,1.8513540029525757,-0.02795945666730404,0.14667797088623047,0.6176503002643585,125.0,32000.0,2215.075628872,2048000.0,114.87,1.3200000524520874
130.18,2.8499999046325684,110.22,1.2200000286102295,975.0,0.026373079046607018,0.2734171450138092,1.8307647705078125,-0.027609379962086678,0.13673678040504456,0.6142438650131226,126.0,32256.0,2232.292195846,2064384.0,122.44,1.350000023841858
114.12,2.609999895095825,103.41,0.3700000047683716,974.0,0.028636397793889046,0.2697957456111908,1.7837539911270142,-0.03039601258933544,0.1031661331653595,0.6635887324810028,127.0,32512.0,2249.6703024529997,2080768.0,107.39,1.3300000429153442
122.07,2.940000057220459,110.09,1.7200000286102295,970.0,0.026141934096813202,0.2664794921875,1.807141661643982,-0.030735308304429054,0.08852963894605637,0.6944684386253357,128.0,32768.0,2267.014013202,2097152.0,103.62,0.9399999976158142
126.07,2.259999990463257,122.64,1.2899999618530273,964.0,0.02374282293021679,0.25006103515625,1.7829203605651855,-0.027941875159740448,0.14147980511188507,0.6002857387065887,129.0,33024.0,2284.733367213,2113536.0,124.41,1.059999942779541
111.74,2.359999895095825,118.88,1.4199999570846558,979.0,0.028969332575798035,0.2732950747013092,1.7718486785888672,-0.03263719007372856,0.10555329918861389,0.6749130487442017,130.0,33280.0,2302.044971457,2129920.0,115.81,1.1299999952316284
121.22,2.2899999618530273,101.85,0.9900000095367432,966.0,0.02831084094941616,0.2683512270450592,1.7988600730895996,-0.03185934200882912,0.1205926164984703,0.6320571899414062,131.0,33536.0,2319.536330593,2146304.0,100.3,0.8299999833106995
121.87,2.5,114.26,1.559999942779541,971.0,0.02717950940132141,0.2778116762638092,1.750283122062683,-0.03155771270394325,0.13781164586544037,0.6493968069553375,132.0,33792.0,2336.876838289,2162688.0,100.29,1.3700000047683716
125.68,2.990000009536743,110.93,1.5,960.0,0.024761876091361046,0.2634684145450592,1.7549337148666382,-0.033947449177503586,0.09396626800298691,0.7347873151302338,133.0,34048.0,2354.3816278,2179072.0,100.29,0.5099999904632568
114.15,2.7799999713897705,104.08,0.9200000166893005,971.0,0.02872067131102085,0.2829183042049408,1.798566222190857,-0.033899709582328796,0.09522352367639542,0.6734778583049774,134.0,34304.0,2371.960125769,2195456.0,126.81,1.0
120.92,2.5399999618530273,109.99,0.8100000023841858,972.0,0.025369100272655487,0.2583211362361908,1.7942790985107422,-0.03265303000807762,0.11276108026504517,0.6658775806427002,135.0,34560.0,2389.356291026,2211840.0,116.21,2.069999933242798
110.13,2.319999933242798,117.48,0.9200000166893005,965.0,0.026531631126999855,0.2666829526424408,1.7564053535461426,-0.031087582930922508,0.10467725247144699,0.7287701368331909,136.0,34816.0,2406.83927134,2228224.0,112.83,1.8300000429153442
119.26,2.809999942779541,108.76,1.090000033378601,960.0,0.025110086426138878,0.2580159604549408,1.7542076110839844,-0.029831310734152794,0.11263354867696762,0.7037053406238556,137.0,35072.0,2424.529753345,2244608.0,121.56,1.340000033378601
132.26,3.0199999809265137,118.27,1.190000057220459,966.0,0.025761591270565987,0.2682901918888092,1.7730098962783813,-0.028092028573155403,0.1422799676656723,0.653246283531189,138.0,35328.0,2442.3695328969998,2260992.0,120.01,0.9200000166893005
116.42,2.3399999141693115,114.95,1.600000023841858,972.0,0.02857050485908985,0.2768961489200592,1.7825102806091309,-0.029722703620791435,0.1199953630566597,0.694174587726593,139.0,35584.0,2459.84449742,2277376.0,118.96,1.159999966621399
134.11,2.9800000190734863,115.61,1.1200000047683716,972.0,0.02586502581834793,0.2668660581111908,1.7863088846206665,-0.02318745106458664,0.1799001842737198,0.5750799775123596,140.0,35840.0,2477.236958082,2293760.0,111.97,1.4199999570846558
119.1,2.9000000953674316,109.46,0.7900000214576721,971.0,0.02632451243698597,0.2708740234375,1.7648788690567017,-0.03159768134355545,0.09584975987672806,0.748062938451767,141.0,36096.0,2494.708400836,2310144.0,118.0,1.7200000286102295
119.78,2.440000057220459,114.97,1.309999942779541,970.0,0.026899849995970726,0.2729898989200592,1.7557920217514038,-0.02917262353003025,0.1208283081650734,0.6628345549106598,142.0,36352.0,2512.180324239,2326528.0,114.61,1.0099999904632568
136.28,3.309999942779541,120.16,1.850000023841858,969.0,0.02634493261575699,0.27227783203125,1.7261652946472168,-0.025354156270623207,0.14879174530506134,0.6035862863063812,143.0,36608.0,2530.018455341,2342912.0,109.71,1.1399999856948853
123.43,2.5799999237060547,109.82,0.5799999833106995,968.0,0.027882995083928108,0.2652181088924408,1.7627540826797485,-0.032014187425374985,0.10918024182319641,0.6745312511920929,144.0,36864.0,2547.545658414,2359296.0,125.33,2.0
121.06,2.5999999046325684,122.36,1.5099999904632568,975.0,0.02744816243648529,0.2769368588924408,1.7574305534362793,-0.030685773119330406,0.11107177287340164,0.6236006319522858,145.0,37120.0,2564.889269926,2375680.0,111.53,1.3899999856948853
129.94,3.2899999618530273,130.7,1.2100000381469727,962.0,0.026488536968827248,0.2667032778263092,1.7104253768920898,-0.02658611722290516,0.1679566353559494,0.5695312917232513,146.0,37376.0,2582.447518496,2392064.0,125.7,1.6399999856948853
127.58,3.319999933242798,119.99,1.5399999618530273,968.0,0.023952871561050415,0.2430826872587204,1.714309811592102,-0.030127031728625298,0.10452152043581009,0.6656201779842377,147.0,37632.0,2600.069960038,2408448.0,115.88,1.2200000286102295
126.36,3.430000066757202,115.98,1.3700000047683716,968.0,0.023713024333119392,0.2529500424861908,1.7414535284042358,-0.02978024072945118,0.10307121276855469,0.700072705745697,148.0,37888.0,2617.818687692,2424832.0,128.26,1.5800000429153442
126.0,3.1600000858306885,124.85,1.7400000095367432,974.0,0.02851739712059498,0.2751058042049408,1.7635070085525513,-0.03014364279806614,0.1330888569355011,0.652919590473175,149.0,38144.0,2635.148216365,2441216.0,122.49,1.5700000524520874
136.18,3.130000114440918,126.51,1.2999999523162842,973.0,0.026632847264409065,0.2713623046875,1.742851734161377,-0.02713095210492611,0.1275608092546463,0.6863758265972137,150.0,38400.0,2652.512382117,2457600.0,114.8,1.559999942779541
119.16,3.0999999046325684,129.73,1.909999966621399,971.0,0.023954473435878754,0.2523193359375,1.7334038019180298,-0.0348646454513073,0.09914308786392212,0.7384656071662903,151.0,38656.0,2669.855179328,2473984.0,119.89,2.069999933242798
137.01,3.490000009536743,104.85,1.2899999618530273,966.0,0.024814547970891,0.2584024965763092,1.743932843208313,-0.028066709637641907,0.14603833854198456,0.637690931558609,152.0,38912.0,2687.44050437,2490368.0,111.53,1.2699999809265137
143.46,3.819999933242798,116.75,0.9100000262260437,973.0,0.026808692142367363,0.2677815854549408,1.7077771425247192,-0.026372306048870087,0.13857020437717438,0.6391870379447937,153.0,39168.0,2704.85367178,2506752.0,125.11,1.2400000095367432
133.4,2.5399999618530273,118.21,1.2799999713897705,965.0,0.02951124496757984,0.27044677734375,1.70101797580719,-0.03512556478381157,0.11923276633024216,0.6923713684082031,154.0,39424.0,2722.442926187,2523136.0,115.1,1.2699999809265137
122.26,3.0199999809265137,110.12,2.0799999237060547,973.0,0.02919776178896427,0.2740478515625,1.7118492126464844,-0.030615000054240227,0.12796390056610107,0.655167818069458,155.0,39680.0,2739.876330187,2539520.0,120.78,1.3200000524520874
132.39,3.1700000762939453,139.66,1.8799999952316284,971.0,0.02524345926940441,0.2547810971736908,1.7238712310791016,-0.029772942885756493,0.14113442599773407,0.6579132080078125,156.0,39936.0,2757.219564828,2555904.0,121.51,1.559999942779541
134.72,3.5799999237060547,124.43,1.7300000190734863,972.0,0.025771694257855415,0.26129150390625,1.7283424139022827,-0.02918899618089199,0.15158970654010773,0.6320584714412689,157.0,40192.0,2774.680929527,2572288.0,126.13,1.840000033378601
143.29,3.859999895095825,104.59,1.0299999713897705,967.0,0.028385283425450325,0.2681477963924408,1.7294389009475708,-0.028803855180740356,0.19967897236347198,0.5628196597099304,158.0,40448.0,2793.705021659,2588672.0,117.74,1.7899999618530273
131.04,2.25,120.68,1.2100000381469727,974.0,0.027934202924370766,0.26983642578125,1.7547191381454468,-0.031160859391093254,0.14232973754405975,0.6527547538280487,159.0,40704.0,2811.25565874,2605056.0,108.01,1.149999976158142
122.11,3.2200000286102295,124.33,1.9500000476837158,969.0,0.022310322150588036,0.2437540739774704,1.71884024143219,-0.02751706726849079,0.134298175573349,0.7010393142700195,160.0,40960.0,2828.635585345,2621440.0,133.78,2.0199999809265137
134.51,3.440000057220459,125.08,1.4600000381469727,976.0,0.026326097548007965,0.2631429135799408,1.7412127256393433,-0.03413240611553192,0.11853871494531631,0.700674831867218,161.0,41216.0,2846.005636752,2637824.0,128.39,1.5099999904632568
133.8,3.359999895095825,123.64,1.4900000095367432,974.0,0.02546697109937668,0.2533365786075592,1.726009488105774,-0.03183009847998619,0.13180357217788696,0.6823066473007202,162.0,41472.0,2863.362152659,2654208.0,133.84,1.7200000286102295
118.23,2.9200000762939453,116.29,1.059999942779541,975.0,0.026174264028668404,0.2597249448299408,1.752061367034912,-0.033216577023267746,0.10495147854089737,0.6896090805530548,163.0,41728.0,2880.574619682,2670592.0,123.15,1.559999942779541
129.97,3.380000114440918,123.45,1.340000033378601,971.0,0.02839883603155613,0.25225830078125,1.687779426574707,-0.02594009041786194,0.20877034962177277,0.636894941329956,164.0,41984.0,2897.998279976,2686976.0,122.66,0.9399999976158142
138.57,3.109999895095825,147.91,2.569999933242798,973.0,0.02591470628976822,0.2548624575138092,1.7390670776367188,-0.03376207873225212,0.13174282014369965,0.7116143703460693,165.0,42240.0,2915.437944404,2703360.0,145.14,1.7000000476837158
124.89,2.4700000286102295,146.46,1.5700000524520874,971.0,0.02962745912373066,0.2854817807674408,1.7354875802993774,-0.030619820579886436,0.1284485161304474,0.6654329001903534,166.0,42496.0,2932.977502027,2719744.0,124.96,1.809999942779541
140.87,3.9200000762939453,125.6,1.899999976158142,959.0,0.024269061163067818,0.2510782778263092,1.7101067304611206,-0.02775484323501587,0.17861030995845795,0.6882795095443726,167.0,42752.0,2950.650019846,2736128.0,123.42,1.6200000047683716
134.37,3.309999942779541,153.82,2.380000114440918,976.0,0.0266127809882164,0.2601521909236908,1.7183609008789062,-0.03538244590163231,0.1327839344739914,0.7149427533149719,168.0,43008.0,2967.945097159,2752512.0,125.53,1.4299999475479126
150.62,4.179999828338623,143.08,2.3499999046325684,968.0,0.02546076476573944,0.2515665590763092,1.7375649213790894,-0.03144489601254463,0.1712045669555664,0.7123754322528839,169.0,43264.0,2985.298099198,2768896.0,136.73,1.809999942779541
136.01,3.0799999237060547,136.11,2.359999895095825,974.0,0.027833079919219017,0.2718912661075592,1.7672678232192993,-0.03364746645092964,0.13146363198757172,0.6945942342281342,170.0,43520.0,3002.662552514,2785280.0,138.97,2.059999942779541
140.67,3.240000009536743,137.02,2.180000066757202,976.0,0.02578158862888813,0.2529703676700592,1.7829426527023315,-0.031092165037989616,0.17378289997577667,0.6457102000713348,171.0,43776.0,3019.840362212,2801664.0,134.26,2.0399999618530273
145.68,3.630000114440918,135.4,1.9299999475479126,970.0,0.02531588077545166,0.2538248598575592,1.7762612104415894,-0.033261533826589584,0.15391753613948822,0.7007418870925903,172.0,44032.0,3037.1974144749997,2818048.0,131.78,2.4100000858306885
138.48,3.6600000858306885,143.4,2.9100000858306885,975.0,0.028956815600395203,0.2781982421875,1.7515579462051392,-0.02980072610080242,0.16231289505958557,0.6772221624851227,173.0,44288.0,3055.0459426859998,2834432.0,137.41,2.680000066757202
145.22,4.139999866485596,155.52,3.2699999809265137,965.0,0.025682562962174416,0.2485758513212204,1.7233953475952148,-0.034025952219963074,0.16329450905323029,0.7438821196556091,174.0,44544.0,3072.595689826,2850816.0,147.22,3.0
134.35,3.5899999141693115,157.17,3.130000114440918,973.0,0.02531799115240574,0.2484944611787796,1.7354811429977417,-0.02904021553695202,0.1667843908071518,0.7092207670211792,175.0,44800.0,3090.212251724,2867200.0,133.09,1.7400000095367432
163.63,3.9200000762939453,143.76,2.119999885559082,975.0,0.025632470846176147,0.259033203125,1.7327098846435547,-0.03143041953444481,0.17176222801208496,0.6912609338760376,176.0,45056.0,3107.598354455,2883584.0,141.02,2.4800000190734863
143.96,3.859999895095825,142.22,2.2100000381469727,969.0,0.024877727031707764,0.2489827424287796,1.7680249214172363,-0.02866460382938385,0.14478395879268646,0.7311212122440338,177.0,45312.0,3125.135765159,2899968.0,140.24,1.8200000524520874
154.86,4.079999923706055,149.39,2.609999895095825,977.0,0.023858221247792244,0.2481892853975296,1.723903775215149,-0.03040125221014023,0.17298908531665802,0.6935944855213165,178.0,45568.0,3142.412037769,2916352.0,134.1,2.1500000953674316
147.78,3.4600000381469727,149.16,2.109999895095825,965.0,0.02589014731347561,0.253173828125,1.6972342729568481,-0.03124953620135784,0.1465851217508316,0.7099303007125854,179.0,45824.0,3160.0105398279998,2932736.0,149.27,2.440000057220459
152.73,3.7699999809265137,153.36,2.0399999618530273,976.0,0.022894347086548805,0.2335612028837204,1.7394801378250122,-0.028810344636440277,0.18402892351150513,0.6835552453994751,180.0,46080.0,3177.159770675,2949120.0,131.98,1.409999966621399
155.18,4.25,142.46,2.3499999046325684,975.0,0.027599217370152473,0.2614949643611908,1.7178397178649902,-0.03307336941361427,0.15447379648685455,0.7211501002311707,181.0,46336.0,3194.520902234,2965504.0,137.34,2.259999990463257
158.97,4.679999828338623,155.75,3.630000114440918,967.0,0.02514721266925335,0.2585652768611908,1.6951004266738892,-0.0254734605550766,0.19303907454013824,0.7260776460170746,182.0,46592.0,3211.99229542,2981888.0,149.68,2.5399999618530273
157.4,4.340000152587891,152.59,1.7699999809265137,966.0,0.022284798324108124,0.2293294221162796,1.6939831972122192,-0.027498995885252953,0.16433945298194885,0.7092711627483368,183.0,46848.0,3229.441110076,2998272.0,137.3,1.5099999904632568
144.05,4.449999809265137,134.19,1.7599999904632568,974.0,0.020401274785399437,0.2148234099149704,1.6808323860168457,-0.025375284254550934,0.21758098900318146,0.7323541939258575,184.0,47104.0,3246.8413284,3014656.0,126.11,0.8100000023841858
142.8,3.680000066757202,168.19,2.609999895095825,964.0,0.020718827843666077,0.2249348908662796,1.7036300897598267,-0.026452265679836273,0.1950770616531372,0.7052406966686249,185.0,47360.0,3264.381687316,3031040.0,148.37,2.369999885559082
132.24,3.4100000858306885,132.1,2.25,965.0,0.02497524581849575,0.2473958283662796,1.737142562866211,-0.02977905422449112,0.17784945666790009,0.7282330393791199,186.0,47616.0,3281.829334588,3047424.0,125.62,1.409999966621399
145.7,3.799999952316284,141.32,2.5999999046325684,962.0,0.025857312604784966,0.2464396208524704,1.7156709432601929,-0.03301146626472473,0.17088986933231354,0.7453363239765167,187.0,47872.0,3299.420173221,3063808.0,131.12,1.7899999618530273
135.2,3.799999952316284,146.13,1.8899999856948853,971.0,0.0245794877409935,0.2322998046875,1.7020950317382812,-0.030998127534985542,0.16956931352615356,0.7630140036344528,188.0,48128.0,3316.818332372,3080192.0,134.79,1.7999999523162842
152.61,4.460000038146973,151.11,2.259999990463257,977.0,0.02230674773454666,0.2410685271024704,1.735526442527771,-0.029262835159897804,0.18167920410633087,0.7506032288074493,189.0,48384.0,3334.231632091,3096576.0,128.96,1.7799999713897705
175.6,4.320000171661377,163.41,2.9000000953674316,969.0,0.029839687049388885,0.2607421875,1.7078242301940918,-0.028947599232196808,0.18523365259170532,0.7408195436000824,190.0,48640.0,3351.636630592,3112960.0,140.45,2.2200000286102295
167.0,4.429999828338623,166.8,3.4200000762939453,967.0,0.02361655980348587,0.2493082731962204,1.6633834838867188,-0.026508880779147148,0.20846694707870483,0.7422917187213898,191.0,48896.0,3369.094796296,3129344.0,144.98,1.9900000095367432
177.21,5.269999980926514,153.04,2.5399999618530273,976.0,0.02648739516735077,0.2505899965763092,1.6814661026000977,-0.026869140565395355,0.24152176082134247,0.7714255452156067,192.0,49152.0,3386.41063076,3145728.0,148.71,2.5199999809265137
147.3,3.2300000190734863,163.26,2.75,973.0,0.03292505070567131,0.2681477963924408,1.6964699029922485,-0.030359813943505287,0.19212602078914642,0.7267237603664398,193.0,49408.0,3403.852645043,3162112.0,143.19,2.0799999237060547
154.98,4.300000190734863,152.15,2.5399999618530273,979.0,0.02700902335345745,0.236083984375,1.6513475179672241,-0.030445827171206474,0.21105194091796875,0.7433024346828461,194.0,49664.0,3421.206570848,3178496.0,149.14,2.4200000762939453
156.83,4.409999847412109,164.94,2.990000009536743,972.0,0.022576356306672096,0.2206624299287796,1.6408363580703735,-0.027768800035119057,0.2129022479057312,0.7792710661888123,195.0,49920.0,3438.4663784169998,3194880.0,134.13,2.119999885559082
175.74,5.019999980926514,181.98,3.5399999618530273,974.0,0.03063776157796383,0.2474365234375,1.6249271631240845,-0.028842156752943993,0.2658441960811615,0.7673561573028564,196.0,50176.0,3455.888345854,3211264.0,143.91,2.680000066757202
162.05,4.400000095367432,156.88,2.430000066757202,968.0,0.030462482944130898,0.27069091796875,1.667934536933899,-0.03315184637904167,0.18791039288043976,0.7649980187416077,197.0,50432.0,3473.494499911,3227648.0,159.26,2.609999895095825
165.61,4.789999961853027,155.88,2.8399999141693115,969.0,0.02254829742014408,0.2281697541475296,1.6614669561386108,-0.03075757622718811,0.22190922498703003,0.7880570292472839,198.0,50688.0,3490.811810389,3244032.0,144.55,2.799999952316284
152.69,5.360000133514404,161.76,2.6600000858306885,971.0,0.02371421456336975,0.2211507111787796,1.5839446783065796,-0.029501475393772125,0.21990489959716797,0.8235748410224915,199.0,50944.0,3508.1240132430003,3260416.0,151.01,2.009999990463257
157.96,4.369999885559082,144.41,2.759999990463257,972.0,0.024983657523989677,0.2368977814912796,1.6506398916244507,-0.02827722392976284,0.23659558594226837,0.7784713506698608,200.0,51200.0,3525.7481176640003,3276800.0,172.19,2.75
163.67,4.820000171661377,162.54,2.869999885559082,970.0,0.024843541905283928,0.2355143278837204,1.6307274103164673,-0.030073342844843864,0.21913541853427887,0.7896789610385895,201.0,51456.0,3543.2247354889996,3293184.0,151.78,2.5999999046325684
169.05,4.849999904632568,163.71,3.549999952316284,964.0,0.026859072968363762,0.2523600161075592,1.596320629119873,-0.025569872930645943,0.22404640913009644,0.8127995580434799,202.0,51712.0,3560.786649783,3309568.0,177.85,4.380000114440918
167.43,5.289999961853027,180.63,3.6500000953674316,959.0,0.02591998688876629,0.22625732421875,1.5813218355178833,-0.028963325545191765,0.24003000557422638,0.8043778836727142,203.0,51968.0,3578.4859417689995,3325952.0,145.64,2.059999942779541
171.61,4.5,161.71,4.079999923706055,956.0,0.02803780324757099,0.2457071989774704,1.5916486978530884,-0.03227448835968971,0.22787286341190338,0.7565978169441223,204.0,52224.0,3596.214172876,3342336.0,175.76,3.559999942779541
172.66,5.320000171661377,187.98,4.989999771118164,970.0,0.025211788713932037,0.23388671875,1.5587964057922363,-0.026223160326480865,0.23666459321975708,0.8128832131624222,205.0,52480.0,3613.6423378339996,3358720.0,162.59,3.0199999809265137
181.43,5.590000152587891,173.45,4.230000019073486,974.0,0.02831820212304592,0.2481486052274704,1.5751838684082031,-0.030346279963850975,0.2452331930398941,0.8110635578632355,206.0,52736.0,3631.10197391,3375104.0,184.72,2.7799999713897705
174.89,5.570000171661377,170.67,3.690000057220459,969.0,0.037931401282548904,0.2598876953125,1.5111955404281616,-0.026217566803097725,0.28897586464881897,0.7969550043344498,207.0,52992.0,3648.6241696879997,3391488.0,178.97,3.569999933242798
180.22,6.090000152587891,171.55,2.759999990463257,976.0,0.02623816579580307,0.2195027619600296,1.4827933311462402,-0.02126668579876423,0.326382040977478,0.8034977465867996,208.0,53248.0,3665.997796797,3407872.0,154.53,2.690000057220459
182.19,6.400000095367432,172.69,3.809999942779541,967.0,0.03167501464486122,0.2642618715763092,1.555482029914856,-0.0298450980335474,0.2431296557188034,0.8067734688520432,209.0,53504.0,3684.0210073790004,3424256.0,161.37,3.2300000190734863
173.48,4.940000057220459,163.33,2.9600000381469727,964.0,0.0337112732231617,0.2578938901424408,1.5051130056381226,-0.027180636301636696,0.27683883905410767,0.8108229637145996,210.0,53760.0,3702.894144492,3440640.0,160.07,2.7799999713897705
184.64,6.380000114440918,201.26,5.389999866485596,962.0,0.02027229405939579,0.20263671875,1.5542148351669312,-0.01852310262620449,0.3194776773452759,0.8113429397344589,211.0,54016.0,3720.4590244,3457024.0,182.69,4.090000152587891
160.97,4.849999904632568,174.3,3.0999999046325684,970.0,0.024162545800209045,0.1981201171875,1.5661953687667847,-0.029584966599941254,0.25739535689353943,0.7899969518184662,212.0,54272.0,3737.956802689,3473408.0,192.95,3.9700000286102295
175.53,5.340000152587891,162.92,3.4800000190734863,972.0,0.034287434071302414,0.2518717348575592,1.5551692247390747,-0.02776947058737278,0.290592759847641,0.7698621898889542,213.0,54528.0,3755.312586762,3489792.0,196.45,4.159999847412109
178.9,5.900000095367432,192.39,4.369999885559082,972.0,0.025137819349765778,0.221923828125,1.5209254026412964,-0.029599184170365334,0.29418304562568665,0.8031501322984695,214.0,54784.0,3772.7680137469997,3506176.0,199.95,4.28000020980835
177.06,6.170000076293945,192.68,3.430000066757202,968.0,0.0299506988376379,0.2496134489774704,1.5075000524520874,-0.027221614494919777,0.29321810603141785,0.7972321808338165,215.0,55040.0,3790.377657045,3522560.0,189.23,3.9600000381469727
188.93,6.389999866485596,169.79,3.200000047683716,973.0,0.017474539577960968,0.1849161833524704,1.5329948663711548,-0.02074608951807022,0.2966262996196747,0.8187045753002167,216.0,55296.0,3807.9711503159997,3538944.0,164.08,3.9100000858306885
193.94,6.949999809265137,179.98,3.75,978.0,0.014496635645627975,0.1607869416475296,1.4937084913253784,-0.020775824785232544,0.35725462436676025,0.8439874798059464,217.0,55552.0,3825.3728666199995,3555328.0,175.5,3.859999895095825
184.96,6.869999885559082,177.16,3.309999942779541,972.0,0.019704042002558708,0.1960042268037796,1.5753211975097656,-0.026266463100910187,0.2680646479129791,0.8261395692825317,218.0,55808.0,3842.925271604,3571712.0,169.88,3.440000057220459
196.17,8.029999732971191,183.4,3.740000009536743,975.0,0.021704882383346558,0.2157796174287796,1.5495471954345703,-0.026478098705410957,0.29091230034828186,0.8434120863676071,219.0,56064.0,3860.323265627,3588096.0,168.11,3.559999942779541
189.91,6.039999961853027,180.09,3.619999885559082,968.0,0.024244872853159904,0.2364705353975296,1.5626611709594727,-0.020573405548930168,0.2735038697719574,0.8084319233894348,220.0,56320.0,3877.8345813429996,3604480.0,194.13,4.659999847412109
196.25,6.550000190734863,174.88,4.039999961853027,966.0,0.030818549916148186,0.2451171875,1.5765732526779175,-0.026632776483893394,0.2808326780796051,0.8170651942491531,221.0,56576.0,3895.435738127,3620864.0,185.41,4.289999961853027
196.36,6.739999771118164,197.17,4.440000057220459,974.0,0.02505311369895935,0.2210489958524704,1.5732907056808472,-0.028090210631489754,0.2726311683654785,0.8349936753511429,222.0,56832.0,3912.7460563389996,3637248.0,176.38,4.139999866485596
179.13,6.03000020980835,191.5,4.179999828338623,972.0,0.02513696253299713,0.2296956330537796,1.5800647735595703,-0.028610235080122948,0.34010207653045654,0.8011956959962845,223.0,57088.0,3930.107951317,3653632.0,178.39,4.010000228881836
193.45,6.599999904632568,203.19,5.75,969.0,0.025966644287109375,0.2401936799287796,1.593969464302063,-0.02690054476261139,0.2993355393409729,0.8192467987537384,224.0,57344.0,3947.6539761060003,3670016.0,206.94,4.650000095367432
186.58,5.329999923706055,203.61,3.700000047683716,964.0,0.02889350615441799,0.2454630583524704,1.6529021263122559,-0.03103680908679962,0.3012634217739105,0.7440981566905975,225.0,57600.0,3965.2322037060003,3686400.0,195.38,3.799999952316284
187.11,6.769999980926514,190.07,3.930000066757202,975.0,0.022472931072115898,0.22515869140625,1.6088985204696655,-0.029155896976590157,0.26436150074005127,0.841976135969162,226.0,57856.0,3982.436290279,3702784.0,165.31,3.549999952316284
177.36,5.139999866485596,180.73,2.640000104904175,962.0,0.02752167545258999,0.2484130859375,1.6031265258789062,-0.028640037402510643,0.2806665599346161,0.8094529807567596,227.0,58112.0,3999.9488271889995,3719168.0,179.64,2.7899999618530273
194.33,5.429999828338623,175.37,3.200000047683716,939.0,0.025430895388126373,0.2294514924287796,1.6330698728561401,-0.027875853702425957,0.2912234365940094,0.8226430267095566,228.0,58368.0,4017.9931679379997,3735552.0,160.02,3.0799999237060547
202.53,6.210000038146973,204.12,4.579999923706055,981.0,0.018266314640641212,0.1897379606962204,1.6565347909927368,-0.030095174908638,0.25705069303512573,0.8281514793634415,229.0,58624.0,4035.354979269,3751936.0,186.83,4.340000152587891
229.36,8.380000114440918,180.84,3.5899999141693115,969.0,0.01757207326591015,0.1871541291475296,1.6303163766860962,-0.025813959538936615,0.33207038044929504,0.84404356777668,230.0,58880.0,4052.654372958,3768320.0,167.25,2.380000114440918
179.34,5.46999979019165,189.15,4.21999979019165,970.0,0.02865511365234852,0.2538655698299408,1.687177062034607,-0.03159259632229805,0.2534208595752716,0.8381095975637436,231.0,59136.0,4070.051049975,3784704.0,186.37,3.6600000858306885
184.47,5.210000038146973,175.93,3.3399999141693115,973.0,0.015407271683216095,0.1711629182100296,1.602913737297058,-0.020697535946965218,0.32587477564811707,0.848639652132988,232.0,59392.0,4087.540153086,3801088.0,186.77,4.309999942779541
206.48,7.550000190734863,189.82,4.460000038146973,971.0,0.01834246516227722,0.1805623322725296,1.606006145477295,-0.023997820913791656,0.35878002643585205,0.8236402273178101,233.0,59648.0,4104.936866971,3817472.0,189.87,3.5999999046325684
195.56,6.489999771118164,201.35,4.179999828338623,974.0,0.019990814849734306,0.2014363557100296,1.6260563135147095,-0.015132971107959747,0.3649592399597168,0.8515018671751022,234.0,59904.0,4122.2537813339995,3833856.0,195.04,3.6700000762939453
213.31,7.650000095367432,175.54,3.0,963.0,0.015393435955047607,0.1678670197725296,1.6392587423324585,-0.022559309378266335,0.287985622882843,0.8664239943027496,235.0,60160.0,4139.741085333,3850240.0,166.68,2.799999952316284
171.09,5.940000057220459,200.02,3.9100000858306885,974.0,0.020938798785209656,0.2050984650850296,1.7064127922058105,-0.02990117110311985,0.2613803446292877,0.859626978635788,236.0,60416.0,4157.1360774409995,3866624.0,185.5,3.9200000762939453
176.3,4.949999809265137,186.96,3.7100000381469727,972.0,0.02099934034049511,0.21112060546875,1.759474754333496,-0.03101089783012867,0.23915618658065796,0.7967677861452103,237.0,60672.0,4174.416621198,3883008.0,188.77,2.990000009536743
194.41,6.150000095367432,179.08,3.069999933242798,976.0,0.025517458096146584,0.2316080778837204,1.6806554794311523,-0.027378469705581665,0.32527101039886475,0.8304126560688019,238.0,60928.0,4191.753835843,3899392.0,175.92,3.859999895095825
172.63,4.349999904632568,172.27,3.859999895095825,972.0,0.03261994943022728,0.2484130859375,1.7738832235336304,-0.03292989358305931,0.25224193930625916,0.7820964008569717,239.0,61184.0,4208.975377441,3915776.0,188.67,3.430000066757202
200.22,5.940000057220459,194.29,3.890000104904175,971.0,0.023697437718510628,0.2234904021024704,1.715225338935852,-0.025592349469661713,0.364328533411026,0.7925479263067245,240.0,61440.0,4226.456748632,3932160.0,179.73,3.180000066757202
167.24,5.059999942779541,177.13,3.490000009536743,966.0,0.026365458965301514,0.2410481721162796,1.6893361806869507,-0.02977016009390354,0.25708720088005066,0.8122334629297256,241.0,61696.0,4243.962298683,3948544.0,179.71,3.059999942779541
199.97,7.380000114440918,195.79,5.789999961853027,976.0,0.017755134031176567,0.2003173828125,1.6264406442642212,-0.0162515752017498,0.36965712904930115,0.8464404940605164,242.0,61952.0,4261.433090466,3964928.0,203.18,4.570000171661377
180.54,6.139999866485596,194.87,3.8299999237060547,970.0,0.02632506750524044,0.2151692658662796,1.6813411712646484,-0.026673806831240654,0.29576683044433594,0.8507644981145859,243.0,62208.0,4278.985098442,3981312.0,194.56,3.640000104904175
168.46,5.329999923706055,161.19,3.119999885559082,974.0,0.02925691194832325,0.2488606721162796,1.6467353105545044,-0.030466867610812187,0.2828507721424103,0.8568214327096939,244.0,62464.0,4296.196032036,3997696.0,188.49,3.049999952316284
196.35,6.949999809265137,211.92,4.860000133514404,971.0,0.023238742724061012,0.2182413786649704,1.666689395904541,-0.029501667246222496,0.3024344742298126,0.8332507461309433,245.0,62720.0,4313.504080424,4014080.0,188.53,3.859999895095825
216.94,7.519999980926514,188.74,3.8499999046325684,966.0,0.021866120398044586,0.2055867463350296,1.6512502431869507,-0.027647288516163826,0.3466498553752899,0.8246041685342789,246.0,62976.0,4331.026040547,4030464.0,196.97,3.7899999618530273
192.15,5.690000057220459,176.6,3.0899999141693115,969.0,0.024332912638783455,0.223876953125,1.6620231866836548,-0.03099410980939865,0.265726238489151,0.8435510247945786,247.0,63232.0,4348.449966002,4046848.0,214.04,6.159999847412109
194.28,6.300000190734863,196.75,5.329999923706055,970.0,0.0334935188293457,0.2472330778837204,1.6992244720458984,-0.025041207671165466,0.34892359375953674,0.8346666693687439,248.0,63488.0,4365.836646503,4063232.0,198.95,4.769999980926514
179.42,5.909999847412109,207.66,6.090000152587891,974.0,0.02028622478246689,0.1991170197725296,1.656641960144043,-0.03210968151688576,0.27695944905281067,0.8596585839986801,249.0,63744.0,4383.190769367,4079616.0,168.87,3.619999885559082
204.61,7.710000038146973,198.69,5.519999980926514,971.0,0.019948596134781837,0.192138671875,1.6567888259887695,-0.029063472524285316,0.322552889585495,0.8576832562685013,250.0,64000.0,4400.537210541,4096000.0,190.72,4.760000228881836
208.15,7.639999866485596,180.7,4.849999904632568,963.0,0.018169892951846123,0.1849772185087204,1.5911502838134766,-0.02035207487642765,0.37031519412994385,0.8365703672170639,251.0,64256.0,4418.10690184,4112384.0,194.51,3.8399999141693115
194.04,7.079999923706055,205.95,4.820000171661377,972.0,0.026057302951812744,0.2218220978975296,1.612813949584961,-0.028136521577835083,0.3411015570163727,0.8392082899808884,252.0,64512.0,4435.552805533,4128768.0,183.91,4.760000228881836
194.41,6.480000019073486,217.76,5.860000133514404,973.0,0.025132710114121437,0.241943359375,1.5835742950439453,-0.02616504393517971,0.343564510345459,0.8397774398326874,253.0,64768.0,4452.952334695,4145152.0,213.65,5.389999866485596
194.86,5.989999771118164,181.01,2.990000009536743,968.0,0.02830406278371811,0.2294514924287796,1.6237092018127441,-0.02072809264063835,0.36138466000556946,0.8492504358291626,254.0,65024.0,4470.586287444,4161536.0,236.31,7.840000152587891
187.85,6.769999980926514,209.71,5.619999885559082,965.0,0.02004305273294449,0.1960652619600296,1.571724772453308,-0.027156971395015717,0.36762288212776184,0.8256487995386124,255.0,65280.0,4488.121181852,4177920.0,214.81,4.75
210.6,7.760000228881836,198.13,4.829999923706055,952.0,0.01853099837899208,0.1772053986787796,1.5574965476989746,-0.025712810456752777,0.3921627998352051,0.8509550839662552,256.0,65536.0,4505.982611442,4194304.0,214.84,5.400000095367432
224.96,8.09000015258789,201.73,4.480000019073486,950.0,0.02217143587768078,0.1978556364774704,1.576041340827942,-0.02980654686689377,0.3174118101596832,0.8568092882633209,257.0,65792.0,4523.712390485,4210688.0,213.17,5.159999847412109
201.12,6.199999809265137,211.21,5.699999809265137,951.0,0.025895632803440094,0.2294514924287796,1.656093716621399,-0.02765457145869732,0.34974852204322815,0.8294022977352142,258.0,66048.0,4541.424137316,4227072.0,214.58,5.460000038146973
179.82,4.880000114440918,202.58,4.900000095367432,968.0,0.023172207176685333,0.22174072265625,1.6697124242782593,-0.030111702159047127,0.3266352415084839,0.8051944077014923,259.0,66304.0,4558.890040873,4243456.0,213.44,6.199999809265137
213.62,7.690000057220459,201.93,4.860000133514404,967.0,0.027499258518218994,0.2383015900850296,1.6076288223266602,-0.028836823999881744,0.3005025088787079,0.8581954538822174,260.0,66560.0,4576.41004239,4259840.0,215.35,4.96999979019165
214.45,7.449999809265137,218.55,6.300000190734863,962.0,0.023357756435871124,0.2215779572725296,1.612033724784851,-0.027064653113484383,0.3548894226551056,0.8271240592002869,261.0,66816.0,4594.079667599,4276224.0,217.56,5.25
227.26,8.0600004196167,212.18,5.760000228881836,956.0,0.03544389456510544,0.26947021484375,1.605246901512146,-0.031149083748459816,0.3298392593860626,0.8549265712499619,262.0,67072.0,4611.63467207,4292608.0,199.71,5.380000114440918
234.29,8.069999694824219,212.17,5.860000133514404,958.0,0.020485879853367805,0.1928914338350296,1.5822114944458008,-0.030744703486561775,0.29800474643707275,0.8717310875654221,263.0,67328.0,4629.175668083,4308992.0,199.87,4.800000190734863
235.01,8.600000381469727,193.17,4.599999904632568,963.0,0.020302461460232735,0.2018839567899704,1.6508702039718628,-0.03211895748972893,0.2958548665046692,0.878906637430191,264.0,67584.0,4646.756863547,4325376.0,213.35,5.400000095367432
201.31,6.699999809265137,202.48,4.659999847412109,955.0,0.02350759506225586,0.22418212890625,1.6732324361801147,-0.027356887236237526,0.3400566279888153,0.8224752992391586,265.0,67840.0,4664.547487082,4341760.0,193.92,4.539999961853027
237.48,9.0600004196167,213.85,6.269999980926514,960.0,0.015823323279619217,0.1681721955537796,1.5661314725875854,-0.023009568452835083,0.3673955202102661,0.8644605875015259,266.0,68096.0,4682.178990141,4358144.0,208.99,4.730000019073486
219.45,7.849999904632568,196.37,5.070000171661377,961.0,0.025768334046006203,0.20751953125,1.6814093589782715,-0.03015982173383236,0.3137785494327545,0.848731592297554,267.0,68352.0,4699.955675857,4374528.0,232.96,5.389999866485596
209.47,7.400000095367432,213.46,6.300000190734863,963.0,0.0329357273876667,0.2710774838924408,1.6997785568237305,-0.0329740047454834,0.26790139079093933,0.8520970642566681,268.0,68608.0,4717.635135951,4390912.0,208.21,4.690000057220459
212.88,6.650000095367432,198.84,4.420000076293945,965.0,0.03042934276163578,0.25390625,1.6459598541259766,-0.03436243161559105,0.2908737361431122,0.8555961698293686,269.0,68864.0,4735.243037091,4407296.0,201.64,4.619999885559082
212.01,7.880000114440918,195.41,4.070000171661377,948.0,0.01902773790061474,0.1962687224149704,1.6499491930007935,-0.025977207347750664,0.2870691418647766,0.8742515742778778,270.0,69120.0,4759.923566534,4423680.0,212.21,5.460000038146973
222.29,8.470000267028809,230.22,5.710000038146973,949.0,0.02286808006465435,0.20733642578125,1.6834286451339722,-0.03290857374668121,0.2979395389556885,0.8575868308544159,271.0,69376.0,4777.76240101,4440064.0,209.87,5.139999866485596
203.11,6.949999809265137,207.15,4.340000152587891,958.0,0.028027765452861786,0.2436320036649704,1.698581337928772,-0.026897916570305824,0.3293030261993408,0.845902219414711,272.0,69632.0,4795.39941582,4456448.0,213.9,5.260000228881836
210.0,6.800000190734863,209.72,4.539999961853027,964.0,0.03235672786831856,0.2657674252986908,1.6975382566452026,-0.030530979856848717,0.3522631824016571,0.8102423548698425,273.0,69888.0,4812.806175963,4472832.0,211.63,4.900000095367432
198.62,6.090000152587891,189.95,4.440000057220459,965.0,0.03354598209261894,0.26104736328125,1.7468647956848145,-0.03026035614311695,0.32936301827430725,0.8224072754383087,274.0,70144.0,4830.379037669,4489216.0,211.4,5.059999942779541
198.61,6.519999980926514,208.16,4.679999828338623,959.0,0.023410407826304436,0.22796630859375,1.7068551778793335,-0.02906576357781887,0.3377460241317749,0.836488664150238,275.0,70400.0,4848.074965449,4505600.0,223.39,5.400000095367432
202.12,7.079999923706055,198.05,5.190000057220459,962.0,0.01304721925407648,0.14453125,1.6859073638916016,-0.021801123395562172,0.35677671432495117,0.8649533987045288,276.0,70656.0,4865.684384135,4521984.0,198.29,5.409999847412109
199.47,6.650000095367432,207.79,5.989999771118164,969.0,0.02011106349527836,0.2009684294462204,1.77340829372406,-0.02843395620584488,0.3491097688674927,0.8288316577672958,277.0,70912.0,4883.132143593,4538368.0,206.74,4.960000038146973
193.57,6.460000038146973,212.46,5.949999809265137,957.0,0.024113677442073822,0.2187906950712204,1.6917223930358887,-0.028591515496373177,0.3480454385280609,0.8545598536729813,278.0,71168.0,4900.983681547,4554752.0,219.52,5.309999942779541
215.3,7.75,232.03,5.659999847412109,952.0,0.02040247991681099,0.2112833708524704,1.648267149925232,-0.024795174598693848,0.32613474130630493,0.8801745101809502,279.0,71424.0,4918.661593359,4571136.0,210.19,5.039999961853027
229.09,9.100000381469727,218.58,5.050000190734863,961.0,0.02320014499127865,0.2200724333524704,1.6555781364440918,-0.02654123306274414,0.3319368064403534,0.8749423921108246,280.0,71680.0,4936.394845005,4587520.0,213.3,5.070000171661377
203.13,6.800000190734863,235.1,5.360000133514404,960.0,0.027004802599549294,0.22344970703125,1.6779311895370483,-0.029530486091971397,0.353135347366333,0.8489631116390228,281.0,71936.0,4954.014242548,4603904.0,207.74,4.96999979019165
208.44,7.019999980926514,205.2,4.429999828338623,967.0,0.027125133201479912,0.2340087890625,1.6363682746887207,-0.026931317523121834,0.34834015369415283,0.8565844297409058,282.0,72192.0,4971.5085182,4620288.0,211.56,5.039999961853027
234.28,8.619999885559082,204.38,5.889999866485596,967.0,0.021926945075392723,0.1869710236787796,1.606900691986084,-0.02244696207344532,0.4644760191440582,0.8519322425127029,283.0,72448.0,4988.894401813,4636672.0,192.26,3.8499999046325684
214.11,8.100000381469727,195.39,6.03000020980835,960.0,0.02036447823047638,0.2044474333524704,1.6498026847839355,-0.03077106922864914,0.3125572204589844,0.875216044485569,284.0,72704.0,5006.459345965,4653056.0,216.82,5.099999904632568
224.83,8.550000190734863,218.82,4.769999980926514,960.0,0.026349419727921486,0.2362060546875,1.6231051683425903,-0.02753622829914093,0.325690895318985,0.8733939677476883,285.0,72960.0,5024.016690089,4669440.0,195.11,4.690000057220459
231.43,8.170000076293945,193.54,4.909999847412109,961.0,0.027738207951188087,0.2425944060087204,1.6812437772750854,-0.03198261931538582,0.29016247391700745,0.8712940812110901,286.0,73216.0,5041.44736919,4685824.0,211.63,5.510000228881836
217.63,8.40999984741211,201.2,4.78000020980835,957.0,0.02281993441283703,0.2289225310087204,1.6852456331253052,-0.03286274895071983,0.2911369204521179,0.8925145193934441,287.0,73472.0,5059.11658187,4702208.0,213.62,5.630000114440918
206.08,8.010000228881836,199.39,5.010000228881836,950.0,0.028496956452727318,0.252197265625,1.7121845483779907,-0.03539793938398361,0.2924419045448303,0.8586071580648422,288.0,73728.0,5076.9523950269995,4718592.0,206.7,5.150000095367432
245.49,10.609999656677246,203.17,5.570000171661377,959.0,0.01705343648791313,0.1846516877412796,1.548075795173645,-0.024793097749352455,0.4045548737049103,0.8660158067941666,289.0,73984.0,5094.5428630119995,4734976.0,215.43,6.559999942779541
229.07,10.050000190734863,208.94,4.860000133514404,950.0,0.019313761964440346,0.1959025114774704,1.624436855316162,-0.030876075848937035,0.31377872824668884,0.8863471895456314,290.0,74240.0,5112.395104391,4751360.0,204.76,4.46999979019165
229.96,8.890000343322754,244.59,6.519999980926514,956.0,0.025059767067432404,0.2160237580537796,1.6535156965255737,-0.02686706744134426,0.36626744270324707,0.858611986041069,291.0,74496.0,5130.1626264589995,4767744.0,226.76,6.559999942779541
208.94,7.429999828338623,228.8,6.269999980926514,962.0,0.028707439079880714,0.2470906525850296,1.6695131063461304,-0.02384205162525177,0.35582593083381653,0.8664179742336273,292.0,74752.0,5147.632228662,4784128.0,203.22,5.039999961853027
212.72,7.570000171661377,218.5,5.920000076293945,960.0,0.02242019772529602,0.2127685546875,1.6771706342697144,-0.030206425115466118,0.3290197551250458,0.8856737539172173,293.0,75008.0,5165.222219075,4800512.0,218.82,5.75
223.37,8.649999618530273,202.94,6.110000133514404,962.0,0.0224293302744627,0.21392822265625,1.6536474227905273,-0.029285361990332603,0.359770268201828,0.8599492907524109,294.0,75264.0,5182.832845039,4816896.0,226.85,7.610000133514404
233.0,9.479999542236328,219.63,6.070000171661377,954.0,0.02827739715576172,0.2497965544462204,1.7262225151062012,-0.028564713895320892,0.3127191960811615,0.86528480052948,295.0,75520.0,5200.540468532,4833280.0,215.92,6.360000133514404
212.22,7.820000171661377,235.16,6.659999847412109,959.0,0.023198574781417847,0.2187296599149704,1.7237471342086792,-0.02778542973101139,0.35213541984558105,0.8456390798091888,296.0,75776.0,5218.218827208,4849664.0,223.38,5.28000020980835
222.78,8.149999618530273,228.13,6.309999942779541,962.0,0.020128270611166954,0.1993204802274704,1.6953924894332886,-0.028106659650802612,0.37121930718421936,0.8636198192834854,297.0,76032.0,5235.866844302,4866048.0,229.62,6.25
225.57,9.390000343322754,230.87,7.059999942779541,961.0,0.021089322865009308,0.2221883088350296,1.706617832183838,-0.027825480327010155,0.3192787766456604,0.887254923582077,298.0,76288.0,5253.355900807,4882432.0,231.93,7.079999923706055
220.24,8.859999656677246,217.22,6.019999980926514,955.0,0.021880580112338066,0.2034505158662796,1.6582974195480347,-0.02840288169682026,0.3462347984313965,0.8887449577450752,299.0,76544.0,5271.072305067,4898816.0,199.23,5.5
227.07,8.779999732971191,229.02,6.570000171661377,960.0,0.02272436022758484,0.2195027619600296,1.708260416984558,-0.02569260448217392,0.33642593026161194,0.8775601089000702,300.0,76800.0,5288.565187212,4915200.0,217.29,5.559999942779541
220.9,7.510000228881836,238.11,5.940000057220459,958.0,0.03406268358230591,0.2693074643611908,1.6953511238098145,-0.029475733637809753,0.3895624577999115,0.8497233092784882,301.0,77056.0,5306.143207408,4931584.0,241.44,7.440000057220459
213.73,7.940000057220459,208.81,6.269999980926514,958.0,0.01623992621898651,0.17718505859375,1.6507056951522827,-0.018661627545952797,0.388101726770401,0.8894666358828545,302.0,77312.0,5323.845647739,4947968.0,216.88,5.960000038146973
228.19,9.020000457763672,222.15,5.980000019073486,960.0,0.03443532809615135,0.261474609375,1.6656603813171387,-0.02541915886104107,0.49292853474617004,0.8431824594736099,303.0,77568.0,5341.542912676,4964352.0,225.41,5.579999923706055
227.06,8.3100004196167,235.13,5.920000076293945,955.0,0.024597957730293274,0.2198486328125,1.717257022857666,-0.02668485976755619,0.400258868932724,0.8708080798387527,304.0,77824.0,5359.191192285,4980736.0,215.79,6.929999828338623
228.08,8.329999923706055,229.13,6.599999904632568,969.0,0.03551734611392021,0.2721761167049408,1.7208091020584106,-0.02935209684073925,0.3666175901889801,0.8560343533754349,305.0,78080.0,5376.7114989599995,4997120.0,224.58,7.150000095367432
